Location,Country,DZ,Latitude,Longitude,Elevation (m)
Rochelle,United States,Chicagoland Skydiving Center,41.8926,-89.0796,238
DeLand,United States,Skydive Deland,29.067,-81.2837,24
Elsinore,United States,Skydive Elsinore,33.63,-117.3017,382
Eloy,United States,Skydive Arizona,32.8067,-111.5866,461
Overton,United States,Skydive Fyrosity,36.5681,-114.4433,416
Shelton,United States,Skydive Kapowsin,47.2335,-123.1475,83
Marl,Germany,Fallschirmsport Marl e.V.,51.6472,7.1633,72
Netheravon,UK,Skydive Netheravon,51.2472,-1.7542,135
Oceanside,United States,GoJump Oceanside,33.218,-117.3515,8
Perris,United States,Skydive Perris,33.7646,-117.219,431
Ravenna,Italy,Skydive Pull Out Ravenna,44.3643,12.2249,0
Lompoc,United States,Skydive Santa Barbara,34.6656,-120.4675,27
Sebastian,United States,Skydive Sebastian,27.8132,-80.4955,7
Ottawa,United States,Skydive Chicago,41.3997,-88.7939,188
Sturtevant,United States,Skydive Midwest,42.7032,-87.9589,240
Rosharon,United States,Skydive Spaceland Houston,29.3569,-95.4594,15
Zephyrhills,United States,Skydive City,28.228,-82.156,27
Bailieston,Australia,Skydive Nagambie,-36.735542,145.126947,137
Lodi,United States,Skydive Lodi Parachute Center,38.2024417,-121.2691417,18
Siracusa,Italy,SkydiveSicilia Siracusa,37.02865,15.243458,13
Borki,Russia,DZ Borki,56.798392,37.3312258,127
Pushchino,Russia,DZ Pushchino,54.789712,37.642467,238
Kaposvar,Russia,Kapos DropZone,46.389969,17.731702,156
Enem,Russia,DZ Enem,44.93794,38.928427,26
Molinella,Italy,Moli D Zone,44.597435,11.653231,7
Siofok,Hungary,Skydive Balaton,46.86286498,18.08786809,127
Pociunai,Lithuania,Kaunas Skydiving Club,54.6494302,24.06236627,50
Pretoria,South Africa,Skydive Pretoria,-25.663383,28.220384,1248
Kolomna,Russia,Aerograd Kolomna,55.091244,38.918871,144
Empuriabrava,Spain,Skydive Empuriabrava,42.25945116,3.10997844,2
Samara,Russia,Sky Roads Samara,53.24922509,50.04617929,40
Kuusiku,Estonia,Skydive Estonia,58.98742257,24.72462416,60
York,Australia,Skydive York,-31.82505824,116.7982829,170
Most,Czech Republic,,50.52436163,13.68278503,331
Pribram,Czech Republic,,49.719174,14.097512,466
Prostejov,Czech Republic,JUMP-TANDEM s.r.o.,49.4478303,17.13403702,214
Jihlava,Czech Republic,,49.42058439,15.63575506,555
Taylorville,United States,Mid-America Sport Parachute,39.5325855,-89.3307069,190
Aarhus,Denmark,,56.31325799,10.6151104,20
Raeford,United States,Skydive Paraclete XP,35.02100849,-79.18919563,93
Texel,Netherlands,Paracentrum Texel,53.11766712,4.82857704,1
Teuge,Netherlands,National Paracentrum Teuge,52.24088496,6.04436338,5
Kolin,Czech Republic,,50.00604103,15.17419517,267
Azov,Russia,,47.08796908,39.41306591,40
Vaduleni,Moldova,,47.06611354,29.09283757,160
San Diego,United States,Skydive San Diego,32.63484506,-116.8917874,149
Byron,United States,Bay Area Skydiving,37.8350433,-121.6329646,19
Fermo,Italy,,43.22684599,13.74195457,16
Dubai Desert,UAE,Skydive Dubai Desert,24.88522721,55.54800689,157
Dubai Palm,UAE,Skydive Dubai Palm,25.09082159,55.13685107,0
Cape Town,South Africa,,-33.34663973,18.6969173,195
Vatulino,Russia,,55.66244577,36.13871098,195
Vesivehmaa,Finland,,61.14644025,25.69403887,153
Gliwice,Poland,,50.270693,18.67427454,254
Utti,Finland,Skydive Finland,60.89762139,26.92609549,103
Tooele,United States,Skydive Utah,40.61318686,-112.3481226,1317
Edmonton,Canada,,54.14057759,-113.7459719,675
Eslov,Sweden,,55.85087572,13.32844377,90
Krutitsy,Russia,Aerodrom Krutitsy,54.27608164,40.81944466,127
Tierp,Sweden,Stockholm Fallskärmsklubb,60.28506246,17.42562532,32
Abbotsford,Canada,,49.09533273,-122.3131299,6
Lebanon,United States,Skydive New England,43.37139838,-70.92569053,96
Soest,Germany,Skydive Soest,51.58022318,8.21502686,120
Illertissen,Germany,,48.23524297,10.13660431,512
Altenstadt,Germany,,47.83980781,10.86618125,739
San Marcos,United States,Skydive Spaceland San Marcos,29.76916902,-97.77274668,140
Festus,United States,Fly Free Skydiving,38.19478125,-90.38583577,132
Nowy Targ,Poland,,49.46677838,20.04737735,628
Voss,Norway,Skydive Voss,60.63985851,6.50203407,91
Fano,Italy,Skydive Fano,43.82527776,13.03186655,16
Lyon,France,,45.65325073,4.91643548,199
Robertson,South Africa,Skydive Robertson,-33.81211406,19.90240395,195
Royan,France,,45.63220146,-0.9768793,22
Jastarnia,Poland,,54.710181,18.64605188,1
Murska Sobota,Slovenia,,46.630755,16.178322,184
Seville,Spain,,37.29575614,-6.16133451,45
Cremona,Italy,,45.16766289,10.0071609,49
Garzigliana,Italy,,44.83440972,7.36347914,305
Marina,United States,Skydive Monterey Bay,36.68199744,-121.7685342,42
Picton,Australia,,-34.22358828,150.6685424,186
Toogoolawah,Australia,Skydive Ramblers,-27.07007224,152.3824686,92
Pattaya,Thailand,,13.14059043,101.0450149,68
Loginovo,Russia,,56.64716137,61.3602519,249
Lasclaveries,France,,43.42770425,-0.28737724,257
Bolzano,Italy,,46.46097203,11.32898569,240
Pujaut,France,,43.996807,4.757149,45
Cerfontaine,Belgium,,50.15131071,4.38751459,290
Spa,Belgium,Skydive Spa,50.47993695,5.91242552,470
Bogorodsk,Russia,,56.12712436,43.54512691,118
Slobodka,Russia,,56.27125223,38.92295122,165
Brisbane Grove,Australia,,-34.80625409,149.7339106,653
Khozhevo,Russia,,54.25086303,26.86723709,195
Torquay,Australia,Australian Skydive,-38.29661407,144.3638814,9
Vercelli,Italy,,45.31080338,8.42298925,125
Kremidovka,Russia,,46.76289872,30.79006433,76
Erden,Bulgaria,,43.4980558,23.30517769,186
San Bartolo,Peru,,-12.3923752,-76.75812721,60
Jamijarvi,Finland,,61.77660621,22.7153331,154
Reggio Emilia,Italy,BFU,44.69952398,10.66891551,46
Rothenburg ob der Tauber,Germany,Fallschirmsportspringerclub Oberhausen e.V.,49.38834422,10.21812201,399
Castellon,Spain,,39.99677492,0.02539515,1
Davis,United States,SkyDance SkyDiving,38.584837,-121.853758,30
Jeffreys bay,South Africa,,-34.10285902,24.8815012,5
Stadtlohn,Germany,,51.997158,6.845243,157
Eschbach,Germany,Skyhigh e.V. – Fallschirmsport Eschbach,47.901239,7.622785,212
Gading,Indonesia,,-7.91647034,110.5657142,214
Ashburton,New Zealand,,-43.90432806,171.8039095,91
Bryansk,Russia,,53.33663265,34.23449278,155
Padinska Skela,Serbia,,44.9352382,20.44374347,71
Davidovac,Serbia,,43.86637658,21.48231089,161
Sem,Norway,,59.29872455,10.36903381,10
Durham,UK,,54.76464192,-1.38691127,140
Hibaldstow,UK,Skydive Hibaldstow,53.5003321,-0.52205443,9
Turinskaya Sloboda,Russia,,57.60180137,64.36770558,71
Orange,United States,Skydive Orange,42.5667833,-72.28667021,169
Thalmaessing,Germany,,49.06426607,11.20835334,577
Chaspuzac,France,,45.07689403,3.76042753,832
Ksaverivka,Ukraine,,50.00461536,30.19778967,185
Alavus,Finland,,62.55523553,23.57099533,124
Baldwin,United States,Skydive Twin Cities,44.96450472,-92.39083797,336
Vinemont,United States,Skydive Alabama,34.26740468,-86.85919762,295
Luling,United States,Skydive Lone Star,29.7280624,-97.6579535,145
Holdrege,United States,Skydive Atlas,40.44862897,-99.33970928,705
Tallard,France,,44.45565949,6.03594124,599
Ray,United States,Midwest Freefall,42.75950473,-82.9423812,207
Pori,Finland,Satakunnan Laskuvarjourheilijat ry,61.46263073,21.80530787,14
Lobos,Argentina,,-35.21328493,-59.13340151,30
Rosario,Argentina,Skydive Rosario,-33.05165003,-60.60109019,26
Bell Ville,Argentina,,-32.65829576,-62.70084679,130
Whitewright,United States,Skydive Spaceland Dallas,33.44915891,-96.37770295,241
Neustadt-Glewe,Germany,Skydiving Club Mecklenburg e.V.,53.3634731,11.6067338,35
Rayong,Thailand,,12.710747,101.628877,5
Santa Fe,Argentina,,-32.81409475,-61.3676548,89
Swakopmund,Namibia,,-22.65932889,14.5646739,59
Paarl,South Africa,,-33.57674993,18.91567826,85
Pucon,Chile,,-39.29121996,-71.91870332,260
Morelos,Mexico,,18.70198969,-98.89203787,1224
Monchy-Lagache,France,,49.87389553,3.03537206,295
Rodby,Denmark,Faldskaermsklubben.dk,54.69961,11.437447,5
Grenchen,Switzerland,Skydive Grenchen,47.181646,7.417192,430
Middletown,United States,Start Skydiving,39.5318056,-84.3964444,198
Cedartown,United States,Skydive Georgia,34.0186944,-85.1464722,297
Locarno,Switzerland,,46.165263,8.877822,198
Reichenbach,Switzerland,Skydive Switzerland,46.614984,7.6790313,723
Petersburg,United States,Skydive Rick's,40.9006164,-80.5553478,358
Maiske,Ukraine,DZ Maiskoe,48.492675,35.626109,145
Chester,United States,Skydive Carolina,34.790534,-81.195579,195
Bovec,Slovenia,Aeroklub Bovec,46.328833,13.548833,431
San Stino di Livenza,Italy,Skydive Venice,45.68732,12.70402,6
Verona,Italy,Skydive Verona,45.473056,10.926944,87
Thiene,Italy,Skydive Thiene,45.6755,11.496333,102
Dunkeswell,UK,Skydive Buzz,50.86,-3.234667,256
Longmont,United States,Mile-Hi Skydiving Center,40.1643889,-105.1636389,1541
Serdiana,Italy,Skydive Sardegna,39.400471,9.139151,132
Rockmart,United States,Skydive Spaceland Atlanta,33.976348,-85.168797,262
Gatineau,Canada,Parachute GO Skydive,45.5213889,-75.5641667,64
Farnham,Canada,Nouvel Air Skydiving,45.285793,-73.007171,55
Herning,Denmark,Dropzone Denmark,56.1847,9.04445,51
Gruyeres,Switzerland,EPCO - Gruyere,46.593343,7.094463,688
Goulburn,Australia,Adrenalin Skydive,-34.809077,149.726989,653
Triengen,Switzerland,PARA-SPORT-CLUB Triengen,47.226164,8.078353,486
Jurien Bay,Australia,Skydive Jurien Bay,-30.303543,115.055035,15
Clonbullogue,Ireland,Irish Parachute Club,53.249674,-7.123328,73
Sitterdorf,Switzerland,Fallschirmgruppe Sittertal,47.508978,9.262669,506
Frederikssund,Denmark,Nordsjællands Faldskærmsklub,55.852741,12.072545,3
Westlock,Canada,Edmonton Skydive,54.141688,-113.740138,675
Onoway,Canada,Eden North Parachute Schools,53.624697,-114.167311,737
Elderslie,Australia,Skydive Elderslie - Newcastle Sport Parachute Club,-32.599701,151.339996,34
Saint-Jerome,Canada,Parachutisme Adrenaline Saint-Jerome,45.7803,-74.061897,168
Tracy,United States,Skydive California,37.7313264,-121.3355889,11
Capannori,Italy,Skydive Lucca,43.784226,10.603388,7
Vargarda,Sweden,Fallskaermsklubben Cirrus Goeteborg,58.039167,12.785833,100
Pinchuky,Ukraine,Dropzone 5 Ocean,50.004393,30.19691,185
Menzelinsk,Russia,Aeroclub Menzelinsk,55.720724,53.060472,119
Victoriaville,Canada,Parachute Victoriaville,46.110833,-71.931667,148
Trois-Rivieres,Canada,Parachutisme Adrenaline Trois-Rivieres,46.352778,-72.679444,61
Lahr,Germany,Skydive Black Forest Lahr,48.369301,7.82772,156
Skovde,Sweden,Skovde Flygplats,58.456402,13.9727,99
Alvor,Portugal,Skydive Algarve,37.149552,-8.584431,2
Breitscheid,Germany,Skydive Westerwald,50.676388,8.169444,559
Waialua,United States,Pacific Skydiving Center,21.5794736,-158.1972814,4
Waialua,United States,Skydive Hawaii,21.5794736,-158.1972814,4
Kazimierz Biskupi,Poland,Sky Camp Drop Zone,52.3192,18.166998,114
Clewiston,United States,Skydive Spaceland Florida,26.7351667,-81.0510556,6
Mercer,United States,Skydive Pennsylvania,41.1460278,-80.16775,418
Butler,United States,Skydive Kansas City,38.2897778,-94.3401389,272
Altha,United States,Skydive Panama City,30.487157,-85.113785,36
Palatka,United States,Skydive Palatka,29.6583825,-81.6895031,15
Tullahoma,United States,Skydive Tullahoma,35.3800295,-86.2463536,330
Carletonville,South Africa,Johannesburg Skydiving Club,-26.369198,27.349391,1524
Langar,UK,Skydive Langar,52.89593,-0.90101,37
Cockerham,UK,Black Knights Parachute Centre,53.9658,-2.83126878,4
Brackley,UK,Hinton Skydiving Centre,52.028717,-1.207157,154
Hohenems,Austria,Skydive Hohenems,47.384998,9.7,412
Hohenlockstedt,Germany,YUU-Skydive Fallschirmsport e.V.,53.994446,9.578611,27
Borodyanka,Ukraine,Aerodrom Borodyanka,50.667,29.915001,141
Rustenburg,South Africa,SkyDive Rustenburg,-25.6443,27.271099,1128
Wainfleet,Canada,Skydive Burnaby,42.877499,-79.352798,183
Strasbourg,France,Regional School Skydiving Center of Alsace,48.554401,7.77806,139
Ebnat-Kappel,Switzerland,,47.270566,9.110623,630
Mossel Bay,South Africa,Skydive Mossel Bay,-34.158298,22.058599,162
Neudorf,Switzerland,Paraclub Beromünster - Skydive Luzern,47.189999,8.20472,654
Tanay,Russia,Aerodrom Tanay,54.758114,85.112972,213
Fehrbellin,Germany,TAKE OFF Fallschirmsport,52.793331,12.760278,42
Vannes,France,,47.723301,-2.71856,134
Clinton,United States,Glidersports Skydiving,38.354669,-93.67516,251
Rakkestad,Norway,Nimbus fallskjermklubb,59.397499,11.3469,116
Diepholz,Germany,,52.5855,8.340667,39
Suffolk,United States,Skydive Suffolk,36.6828884,-76.5996232,21
Akrefnia,Greece,Skydive Athens,38.455993,23.134503,91
Zwartberg,Belgium,PCV - Dropzone Zwartberg,51.0154,5.52647,85
Tauranga,New Zealand,Skydive Tauranga,-37.671902,176.195999,4
Cieurac,France,Centre Ecole de Parachutisme de Cahors,44.351398,1.47528,278
Rockmart_duplicate,United States,Skydive Spaceland Atlanta_duplicate,33.976176,-85.168775,262
Pierrefonds,France,Para Club de Bourbon,-21.3209,55.424999,18
Beni Mellal,Marocco,Parachute Air Club Maroc,32.400002,-6.33333,509
Boituva,Brazil,Parachuting Sky Company,-23.298056,-47.691944,625
Putilovo,Russia,DZ Putilovo,59.835019,31.480613,59
Rena,Norway,Oslo Fallskjermklubb,61.257401,11.6689,494
Moruya,Australia,Skydive Oz,-35.8978,150.143997,4
Orbetello,Italy,Skydive Costa d'Argento,42.494951,11.239309,7
Krems,Austria,Jump Club Krems,48.446899,15.635,312
Fuerstenzell,Germany,Fallschirmsport-Club Passau e.V.,48.518055,13.345833,410
Szolnok,Hungary,,47.144402,20.1978,81
Schaffen,Belgium,Skydive Flanders - Schaffen,50.999199,5.06556,30
Mundoo,Australia,Tandem Cairns,-17.559401,146.011993,14
Ocana,Spain,Skydive Madrid,39.9375,-3.50333,733
Klatovy,Czech Republic,Skydive Pink Klatovy,49.418301,13.3219,396
Wevelgem,Belgium,Skydive Flanders,50.852798,3.14731,20
Gransee,Germany,FSG Fallschirmsportgemeinschaft,53.006699,13.205,50
Arezzo,Italy,Paracadutismo Arezzo,43.455898,11.847,248
Monchy-Lagache,France,Skydiving-France,49.8685,3.02958,90
Wiener Neustadt,Austria,Fallschirmspringen Para Club Wr. Neustadt,47.84,16.221701,285
Yverdon-les-Bains,Switzerland,Para-Club Valais,46.761902,6.61333,433
Gardiner,United States,Skydive The Ranch,41.66676,-74.14959,104
Thun,Switzerland,Sprungplatz - Skydive Grenchen in Thun,46.756401,7.60056,560
Bex,Switzerland,GPS-Bex,46.258301,6.98639,400
Pepperell,United States,skydive Pepperell,42.696194,-71.550056,54
Schweighofen,Germany,FSC Südpfalz,49.031666,7.99,150
Calden,Germany,Aero Parachute sport GmbH,51.408333,9.3775,277
Hoevenen,Belgium,Skydive Antwerp,51.306099,4.38722,3
